,price,area,bedrooms,bathrooms,stories,mainroad,guestroom,basement,hotwaterheating,airconditioning,parking,prefarea,furnishingstatus
0,16.40327466837995,8.912069097970134,4,2,3,1,0,0,0,1,2,1,2
1,16.32103657658766,9.10063710688422,4,4,4,1,0,0,0,1,3,0,2
2,16.32103657658766,9.206432747145165,3,2,2,1,0,1,0,0,2,1,1
3,16.31817534454053,8.922791623969637,4,2,2,1,0,1,0,1,3,1,2
4,16.250000809480674,8.912069097970134,4,1,2,1,1,1,0,1,2,0,2
5,16.19967573011664,8.922791623969637,3,3,1,1,0,1,0,1,2,1,1
6,16.132984361974234,9.057305735807121,4,3,4,1,0,0,0,1,2,1,1
7,16.132984361974234,9.692828247710418,5,3,2,1,0,0,0,0,0,0,0
8,16.105010512726782,8.999742789830492,4,1,2,1,1,1,0,1,2,1,2
9,16.097893045681612,8.657129031713755,3,2,4,1,1,0,0,1,1,1,0
10,16.097893045681612,9.488047863280759,3,1,2,1,0,1,0,1,2,1,2
11,16.085675862997316,8.699681400989514,4,3,2,1,1,1,1,0,2,0,1
12,16.04659975666463,8.787372988731876,4,2,2,1,0,0,0,1,1,1,1
13,16.039052551842968,8.160803920954665,4,2,2,1,0,0,1,0,2,0,2
14,16.039052551842968,8.962007209588313,3,2,2,1,0,0,0,0,0,1,1
15,16.02378508137718,8.699681400989514,4,1,2,1,0,1,0,0,2,0,1
16,16.02378508137718,8.79497643168877,4,2,2,1,1,1,0,1,1,1,0
17,16.00828089655825,9.04793908261736,3,2,4,1,0,0,0,1,2,0,2
18,16.00043771997602,8.434028950155469,3,2,2,1,1,0,0,1,2,0,2
19,15.996492942129612,8.76732914779405,3,2,2,1,0,0,0,1,1,1,1
20,15.984564372619506,8.371242135931933,3,1,2,1,0,1,1,0,2,0,1
21,15.976532201843899,8.87570644462861,3,2,1,1,1,1,0,1,2,0,0
22,15.97249179277332,8.993551586299981,3,1,1,1,1,1,0,1,1,0,2
23,15.97249179277332,8.4252971767117,3,2,2,1,1,1,0,1,1,0,2
24,15.964361667634346,9.082620630373812,3,2,2,1,0,0,0,1,2,0,2
25,15.960271682860764,8.785845337961213,4,2,2,1,1,1,0,1,2,1,2
26,15.951214396813645,8.699681400989514,3,2,4,1,1,1,0,1,0,1,1
27,15.943742382861155,9.091106284052485,3,1,1,1,0,0,0,0,1,0,1
28,15.943742382861155,8.981052985901483,5,2,2,1,0,1,1,0,2,0,0
29,15.943742382861155,8.612685172875459,4,2,2,1,0,1,0,1,1,1,1
30,15.943742382861155,8.919453168575453,3,2,4,1,0,0,0,1,2,0,0
31,15.943742382861155,8.853808274977197,3,1,4,1,0,0,0,1,2,0,1
32,15.931163602161226,8.493105395887147,4,2,2,1,0,0,0,1,1,1,2
33,15.918424577929366,8.692993531219926,3,3,2,1,1,1,0,0,1,0,0
34,15.909840835290563,8.830689198760998,5,1,2,1,1,1,0,1,1,0,2
35,15.905018884112332,8.853808274977197,3,2,4,1,0,0,0,1,2,0,2
36,15.900312830217915,8.920389060080359,3,2,3,1,0,0,1,0,1,1,2
37,15.892449094739266,9.105090961257085,4,2,4,1,0,0,0,1,2,0,2
38,15.890253704451245,8.699681400989514,3,1,4,1,1,0,0,1,2,0,0
39,15.88363846616608,8.699681400989514,4,2,4,1,0,0,0,1,1,0,1
40,15.87920386966009,8.787372988731876,3,1,2,1,0,1,0,1,0,1,2
41,15.874749519877604,8.757940876678804,3,2,4,1,0,0,0,1,0,1,2
42,15.856731016694035,8.776630098427717,3,2,4,1,0,0,0,1,2,0,0
43,15.856731016694035,8.699681400989514,4,2,4,1,0,0,0,0,2,0,1
44,15.83838188043084,8.699681400989514,4,2,4,1,0,0,0,1,1,0,2
45,15.83838188043084,8.699681400989514,3,2,3,1,0,0,0,1,0,0,1
46,15.83374150148957,8.699681400989514,3,2,4,1,0,0,0,1,1,0,2
47,15.829079489004743,8.79497643168877,3,1,4,1,0,0,0,1,3,1,2
48,15.824395640319128,8.366602832783736,3,2,2,1,0,1,0,0,1,0,0
49,15.819689749914444,8.914760527397261,3,2,1,1,1,1,0,1,0,1,1
50,15.819689749914444,8.914760527397261,3,2,4,1,0,0,0,0,1,1,0
51,15.819689749914444,8.752423403865594,3,1,4,1,0,0,0,1,1,0,0
52,15.810211007243431,8.699681400989514,4,2,4,1,1,0,0,1,1,0,2
53,15.810211007243431,8.546946149565585,3,2,4,1,0,0,0,1,2,0,1
54,15.810211007243431,8.699681400989514,3,2,2,1,1,0,0,1,1,0,1
55,15.810211007243431,8.699681400989514,3,1,2,1,0,0,0,1,1,0,0
56,15.80925817261786,9.344958673700944,4,1,2,1,0,1,0,0,1,1,1
57,15.795822271763136,9.105090961257085,4,2,4,1,1,0,0,1,1,1,2
58,15.790979647957377,8.946505025998682,4,2,4,1,1,0,0,1,1,0,1
59,15.790979647957377,8.699681400989514,3,2,4,1,1,0,0,1,1,0,2
60,15.78122347437178,8.699681400989514,3,2,2,1,1,0,0,0,1,0,1
61,15.77137117931546,9.091669442258505,2,1,1,1,0,0,0,1,1,0,1
62,15.77137117931546,8.738895704934043,4,2,2,1,0,0,0,1,1,0,2
63,15.766408390677027,8.757940876678804,4,2,3,1,0,0,0,1,2,1,2
64,15.76142084987672,9.321523900936798,3,1,1,1,0,1,0,1,1,1,2
65,15.75137051546622,9.091669442258505,3,2,2,1,0,1,0,1,1,0,2
66,15.75137051546622,9.488047863280759,2,1,1,1,0,1,1,0,1,0,2
67,15.746307214242162,8.94910546953925,3,2,1,1,0,0,0,0,2,0,0
68,15.741218145474653,8.699681400989514,3,1,1,1,0,0,0,1,1,0,2
69,15.730961646810274,9.400216653174247,4,2,2,1,0,0,0,0,2,1,2
70,15.730961646810274,8.294299608857235,3,2,2,1,0,1,0,1,0,1,1
71,15.725793677414915,8.699681400989514,4,2,4,1,0,0,0,1,0,0,0
72,15.720598861308845,8.521384396034705,3,1,4,1,0,0,0,1,0,1,0
73,15.7153769181068,8.79497643168877,2,2,4,1,0,1,0,0,0,1,2
74,15.710127563007966,8.304247465078474,3,1,2,1,0,1,1,0,1,0,2
75,15.710127563007966,8.357259153499912,4,2,2,1,0,0,1,0,0,0,1
76,15.710127563007966,8.76732914779405,3,2,3,1,0,0,0,1,0,1,2
77,15.710127563007966,8.77971129020447,3,2,3,1,0,0,0,1,0,1,2
78,15.710127563007966,8.648396877031582,3,1,1,1,1,1,0,1,2,1,2
79,15.710127563007966,8.699681400989514,3,2,3,1,1,0,0,1,0,0,2
80,15.706964672075832,8.699681400989514,3,1,2,1,0,0,1,0,1,1,1
81,15.704850506702762,8.294299608857235,3,2,2,1,0,1,0,1,1,0,1
82,15.704850506702762,9.259225769705994,3,2,1,1,0,1,0,1,1,1,2
83,15.699545455277173,8.699681400989514,3,2,4,1,0,0,0,1,0,0,1
84,15.688850167794572,8.232440158470336,3,1,2,1,0,0,1,0,2,0,1
85,15.688850167794572,9.018089684104343,3,2,3,1,0,0,0,1,0,0,2
86,15.688850167794572,8.805525052709516,3,1,3,1,0,1,0,0,0,1,0
87,15.683459319990018,8.284251797621916,3,1,1,1,0,1,0,0,2,0,1
88,15.683459319990018,8.910720661951359,3,1,1,1,1,1,0,1,2,1,0
89,15.678039253360028,9.057305735807121,5,3,2,1,0,0,0,0,2,0,2
90,15.678039253360028,8.517393171418904,3,1,2,1,0,0,0,1,0,0,1
91,15.674773056081408,8.81744592104187,2,1,1,1,1,1,0,0,2,1,2
92,15.672589649440985,8.476579508530941,3,2,4,1,1,0,0,1,0,0,2
93,15.656060350091908,8.881975184248867,3,2,1,1,0,1,0,1,3,0,1
94,15.656060350091908,8.699681400989514,4,2,4,1,0,0,0,0,1,0,1
95,15.656060350091908,8.31898612539206,3,2,3,1,0,0,0,1,2,0,1
96,15.656060350091908,9.105090961257085,3,1,1,1,0,1,0,0,1,1,2
97,15.656060350091908,8.764209507142004,3,1,1,1,1,1,0,1,1,1,1
98,15.65494862141578,8.79497643168877,3,2,3,1,0,0,0,1,0,1,0
99,15.650489305929213,8.699681400989514,4,1,3,1,1,1,0,0,0,1,0
100,15.644887051277268,8.79497643168877,3,2,1,1,0,1,0,1,0,1,0
101,15.644887051277268,8.612685172875459,3,1,3,1,0,0,0,0,1,1,0
102,15.639253234465867,8.612685172875459,3,2,4,1,1,0,0,1,1,0,1
103,15.639253234465867,8.756367559802975,3,2,3,1,1,0,0,1,0,0,2
104,15.639253234465867,8.612685172875459,3,2,1,1,1,1,0,0,2,1,2
105,15.633587497847351,8.412054873292933,3,1,4,1,0,0,0,1,0,0,0
106,15.633587497847351,8.603554357064281,4,2,1,1,0,1,0,1,0,1,1
107,15.627889477660357,8.76732914779405,3,1,3,1,0,1,0,0,0,1,0
108,15.625028245847135,8.083637203141548,4,1,3,1,0,0,0,0,1,0,1
109,15.622158803889679,8.797246236703527,4,2,2,1,1,0,1,0,1,0,1
110,15.622158803889679,8.79497643168877,3,1,1,1,1,1,0,0,2,1,1
111,15.622158803889679,9.032767522204432,3,1,3,1,0,0,0,1,2,0,0
112,15.621008717695398,8.366602832783736,6,2,2,1,0,0,0,0,0,0,2
113,15.621008717695398,9.171703488361265,3,1,1,1,0,1,0,0,2,1,2
114,15.610597983397946,8.824824939175638,2,1,1,1,1,1,0,0,2,0,2
115,15.610597983397946,8.987321812850125,3,1,1,1,1,1,0,1,2,1,1
116,15.610597983397946,8.839421607620602,3,2,1,1,1,1,0,0,0,1,0
117,15.598901945589025,8.216358332386156,4,1,2,1,1,0,0,1,0,0,2
118,15.598901945589025,8.76732914779405,3,1,1,1,0,1,0,1,0,1,2
119,15.598901945589025,8.85666093701725,3,1,1,1,0,1,0,1,2,1,1
120,15.598901945589025,8.785845337961213,3,1,1,1,1,1,0,0,2,1,2
121,15.598901945589025,8.886270902072013,3,1,2,1,1,1,0,1,0,1,1
122,15.598901945589025,8.741136422901011,4,2,1,1,0,1,0,0,1,1,1
123,15.598901945589025,8.898502209646642,4,2,2,1,0,0,0,0,0,0,2
124,15.598901945589025,8.783549477153265,3,2,4,1,0,0,0,0,1,0,2
125,15.59772478261397,9.65509029374725,3,1,1,1,0,0,0,1,2,0,1
126,15.587067489942822,8.87640491500694,3,1,1,1,0,1,0,0,2,1,0
127,15.587067489942822,8.77971129020447,3,2,3,1,0,0,0,1,0,0,0
128,15.585876304775372,8.612685172875459,3,1,3,1,1,0,0,1,1,0,2
129,15.585876304775372,9.346705246496699,3,1,3,1,0,0,0,0,2,1,1
130,15.584683698993436,8.476579508530941,3,1,1,1,1,1,0,0,0,0,0
131,15.575091300945118,8.67060073804555,4,1,4,1,1,0,0,0,0,0,1
132,15.575091300945118,8.556606193773073,3,1,3,1,0,0,0,1,0,0,1
133,15.575091300945118,8.476579508530941,3,1,3,1,0,0,0,1,0,0,0
134,15.57388575549739,8.853808274977197,3,1,1,1,0,1,0,0,2,1,1
135,15.56904898753229,8.699681400989514,3,2,4,1,0,0,0,1,0,0,0
136,15.562969942511762,8.594339400592892,4,2,2,1,0,0,0,1,2,0,0
137,15.562969942511762,8.442685139241176,4,1,2,1,0,0,0,0,1,0,1
138,15.562969942511762,8.517393171418904,3,1,3,1,0,0,0,1,0,0,1
139,15.562969942511762,8.757940876678804,3,1,1,1,1,1,0,1,2,1,2
140,15.562969942511762,8.665785595466064,3,2,4,1,0,0,0,1,0,0,0
141,15.547608660047116,8.804024902413179,4,2,2,1,1,1,0,0,1,1,1
142,15.53827733427679,9.259225769705994,4,2,2,1,0,0,0,0,1,0,1
143,15.53827733427679,8.476579508530941,5,2,3,0,0,1,1,0,0,0,0
144,15.53827733427679,8.45553053102413,4,1,2,1,1,1,0,1,1,0,2
145,15.53827733427679,8.517393171418904,3,1,4,1,0,0,0,0,0,0,2
146,15.53827733427679,9.259225769705994,2,1,1,1,0,0,0,0,1,0,1
147,15.53827733427679,8.612685172875459,3,2,2,1,0,0,0,0,1,0,1
148,15.53827733427679,8.757940876678804,3,1,3,1,0,0,0,0,0,1,1
149,15.53827733427679,8.79497643168877,4,2,1,1,0,1,0,0,0,1,1
150,15.53827733427679,8.544224530467268,3,1,2,1,1,1,0,1,0,1,0
151,15.532007722386286,8.38958706681109,4,1,2,1,0,0,0,1,2,1,1
152,15.532007722386286,8.594339400592892,5,1,2,1,1,1,0,1,0,1,2
153,15.525698554330328,8.101980731853192,3,3,2,1,0,1,0,0,0,0,1
154,15.525698554330328,8.202756381655638,3,2,2,1,0,0,0,0,2,0,1
155,15.525698554330328,8.716207971151853,3,2,1,1,0,1,0,0,2,1,2
156,15.524431929944326,8.839421607620602,3,1,1,1,1,1,0,0,0,1,1
157,15.519349327803464,7.943782692458625,4,2,2,0,1,1,0,0,1,0,2
158,15.519349327803464,8.984818995876008,3,1,1,1,0,0,0,0,2,0,1
159,15.512959530871255,8.055475141757274,3,2,1,1,1,1,0,1,0,0,2
160,15.512959530871255,8.734077192559303,4,1,4,1,1,0,0,1,0,0,2
161,15.512959530871255,8.716207971151853,3,1,3,1,1,0,0,1,0,1,1
162,15.512959530871255,8.79497643168877,4,2,2,1,1,1,0,0,0,1,1
163,15.506528641722577,8.828494129466652,3,1,1,1,1,1,0,1,0,1,1
164,15.50005612841392,8.811503250158239,3,2,2,1,1,1,0,0,1,1,2
165,15.498756583313094,8.771990436532242,3,2,1,1,1,1,1,0,0,0,0
166,15.486984049287734,8.962007209588313,3,1,1,1,0,1,0,1,2,1,0
167,15.480383366501217,8.434028950155469,2,2,1,1,0,0,0,1,2,0,1
168,15.473738825043979,8.357259153499912,4,1,2,1,0,1,0,1,0,0,2
169,15.473738825043979,8.785845337961213,4,2,2,0,0,0,0,1,0,0,1
170,15.473738825043979,8.612685172875459,3,2,1,1,0,1,0,0,0,0,1
171,15.473738825043979,9.236982302922604,3,1,1,1,0,0,0,0,1,1,1
172,15.473738825043979,9.036106025364846,3,1,2,1,1,1,0,1,2,1,0
173,15.473738825043979,8.575650760987806,4,2,1,1,0,0,0,1,0,1,0
174,15.473738825043979,8.24301946898925,3,1,2,1,1,1,0,0,1,1,0
175,15.473738825043979,9.19023970026918,4,2,2,1,1,0,0,0,2,0,1
176,15.473738825043979,9.050288983827956,3,1,1,1,0,0,0,1,2,0,2
177,15.472404602285149,8.707978826622321,3,1,1,1,0,1,0,0,0,1,1
178,15.469730804411405,8.865876285425417,3,1,1,1,1,1,0,0,2,1,1
179,15.467049838171546,8.064950891749143,3,2,2,1,0,0,0,0,2,0,1
180,15.467049838171546,8.412054873292933,4,2,1,0,0,1,0,1,2,0,1
181,15.467049838171546,8.881975184248867,3,1,2,1,1,1,0,0,1,1,2
182,15.453536121613729,8.134760782418645,3,1,2,0,0,0,0,1,0,0,1
183,15.453536121613729,8.984818995876008,3,1,1,1,0,0,0,0,1,1,1
184,15.446710157874584,8.006700845440367,3,2,2,1,1,1,0,0,0,0,2
185,15.446710157874584,8.006700845440367,3,1,2,1,0,1,0,0,0,0,0
186,15.446710157874584,9.34233308143468,2,1,2,1,0,0,0,0,0,1,2
187,15.446710157874584,8.716207971151853,3,1,1,1,0,1,0,1,0,1,1
188,15.439837279936441,8.651898894268529,2,1,2,1,0,0,0,1,0,1,0
189,15.43291683846023,8.172164452111904,2,1,1,0,1,1,0,0,0,0,1
190,15.43291683846023,8.936035096566041,4,1,2,1,0,0,0,1,2,0,2
191,15.43291683846023,9.278092474027002,3,1,2,1,1,1,0,0,0,0,1
192,15.43291683846023,8.79497643168877,3,1,1,1,1,1,0,0,0,1,2
193,15.431526984447132,8.476579508530941,2,1,1,1,1,1,0,0,0,0,1
194,15.425948170531639,9.005895898094458,3,2,1,1,1,1,0,0,0,0,1
195,15.418930599280035,8.39185670010494,4,3,2,1,0,1,0,0,2,0,1
196,15.418930599280035,8.947285869349132,3,1,1,1,1,1,1,0,0,0,1
197,15.416109723506775,7.937731775260109,3,2,2,0,0,1,0,1,1,0,1
198,15.411863433483944,8.690978417187905,3,1,2,1,0,0,0,1,0,0,1
199,15.406173518862524,8.343077871169383,3,1,2,1,0,0,0,0,1,0,2
200,15.404745967162468,8.416488487294606,3,1,2,1,0,1,0,1,0,0,1
201,15.404745967162468,8.317766166719343,3,1,2,0,1,1,0,1,0,0,1
202,15.404745967162468,8.323851131338817,2,1,1,1,0,1,0,0,1,0,1
203,15.404745967162468,8.594339400592892,4,1,2,1,0,0,0,0,0,0,1
204,15.404745967162468,8.470311205516108,3,1,1,1,1,1,0,0,0,0,1
205,15.404745967162468,8.748463629942055,3,1,1,1,0,0,0,1,2,0,1
206,15.404745967162468,8.665785595466064,2,1,1,1,1,1,0,1,0,0,1
207,15.404745967162468,8.006700845440367,3,1,2,1,0,1,0,1,0,0,1
208,15.404745967162468,7.9966538754626075,3,1,3,1,0,0,0,0,0,0,1
209,15.404745967162468,8.812992231969966,3,1,1,1,0,0,0,0,0,0,0
210,15.404745967162468,8.443977129084978,3,1,2,1,1,1,0,0,2,0,1
211,15.404745967162468,9.465060106725137,3,1,1,1,0,0,0,0,2,0,2
212,15.403316374644834,8.137688184977605,4,2,2,1,0,1,0,1,2,0,1
213,15.403316374644834,8.516392871245468,4,2,1,1,0,1,0,0,0,0,1
214,15.397577479152067,8.37816098272068,2,1,1,1,0,1,0,0,0,0,0
215,15.390357232668071,8.333510708982942,3,1,3,1,0,0,0,0,0,0,0
216,15.390357232668071,8.706324840138741,3,1,1,1,0,0,0,0,2,1,1
217,15.390357232668071,8.833899942908635,3,1,2,1,0,0,0,1,2,1,2
218,15.390357232668071,8.479698986988657,2,1,1,1,0,0,0,1,0,1,1
219,15.383084474850227,8.853808274977197,3,1,2,1,0,1,0,0,0,0,0
220,15.383084474850227,8.999742789830492,4,1,4,1,0,1,0,1,2,0,1
221,15.377227943962481,8.137688184977605,4,2,2,1,0,0,0,0,0,0,1
222,15.375758436291614,9.123365357961776,2,1,1,1,0,1,0,1,2,0,1
223,15.375758436291614,8.751790892775563,3,1,2,1,0,1,0,1,1,0,2
224,15.375758436291614,9.234154550075438,2,1,1,1,0,0,0,1,2,1,0
225,15.37428676598956,8.77043908654689,2,1,1,1,0,0,0,1,3,0,1
226,15.360943353642055,8.550821372396221,3,1,4,1,0,0,0,1,0,0,1
227,15.360943353642055,8.699681400989514,2,1,1,1,0,1,0,1,1,0,2
228,15.360943353642055,8.197263371414335,3,1,2,1,0,0,0,0,2,0,1
229,15.360943353642055,9.176576741823373,4,2,2,1,1,1,0,0,1,0,1
230,15.360943353642055,8.594339400592892,2,1,2,1,0,0,0,0,0,1,1
231,15.360943353642055,8.371242135931933,3,1,1,1,0,0,0,0,0,1,1
232,15.353452683516053,8.228443883004033,3,1,2,1,0,1,0,0,0,0,2
233,15.345905479508115,8.333510708982942,3,1,1,1,1,1,0,1,0,0,0
234,15.345905479508115,8.263848131368906,3,2,2,1,0,1,0,0,2,0,1
235,15.345905479508115,8.644882552557126,3,1,2,1,1,0,0,1,1,0,1
236,15.345905479508115,7.962415680121064,2,1,2,1,1,1,0,0,0,1,1
237,15.345905479508115,8.519390774959724,3,1,2,1,0,1,0,0,0,0,1
238,15.344389179318602,8.414274137408396,4,2,2,1,0,1,0,0,0,0,1
239,15.338300881775186,8.294299608857235,3,1,2,1,0,0,0,0,1,0,2
240,15.338300881775186,8.253488028345904,3,1,2,1,0,0,0,0,1,1,1
241,15.330638010707329,8.232440158470336,3,1,1,1,0,0,0,0,2,0,1
242,15.330638010707329,8.200013648175434,3,1,2,1,0,0,0,1,0,0,2
243,15.330638010707329,7.844240718141811,3,1,2,1,0,1,0,0,0,0,2
244,15.330638010707329,8.579416534596369,3,1,2,1,1,1,0,0,0,1,1
245,15.330638010707329,8.586905803827538,3,1,2,1,0,0,0,0,2,1,0
246,15.330638010707329,8.166500319155052,3,1,1,1,0,0,0,0,0,1,1
247,15.330638010707329,9.036106025364846,4,1,4,1,0,0,0,0,3,0,0
248,15.32909836486038,8.31898612539206,2,2,1,1,1,1,0,0,0,0,1
249,15.32909836486038,8.515391569469609,4,2,2,1,1,1,0,0,0,1,2
250,15.32291596631714,8.163656176168432,3,1,3,1,0,0,0,0,0,0,1
251,15.32291596631714,8.146419323098003,3,1,2,1,0,1,0,0,1,0,1
252,15.32291596631714,9.19634286233233,3,1,1,1,0,0,0,0,0,0,1
253,15.32291596631714,8.166500319155052,2,1,2,1,0,0,0,0,0,1,2
254,15.315133827605429,8.414274137408396,4,1,2,1,0,0,0,1,2,0,1
255,15.315133827605429,8.680331928793418,2,1,1,1,0,0,0,1,1,0,0
256,15.315133827605429,8.294299608857235,3,1,2,1,0,0,0,0,2,0,2
257,15.315133827605429,9.018089684104343,3,1,1,1,0,0,0,0,0,0,2
258,15.315133827605429,8.304247465078474,3,1,2,1,0,0,0,0,1,0,1
259,15.313570105978563,8.757940876678804,2,1,1,1,0,1,0,1,1,0,2
260,15.313570105978563,8.059276223305648,3,1,2,1,0,0,0,1,1,0,2
261,15.313570105978563,8.163656176168432,3,1,2,1,0,0,0,0,0,0,1
262,15.307290651901996,8.229777750081887,2,1,1,1,1,1,0,0,0,0,1
263,15.299385474180372,8.286269452783065,3,1,2,0,0,0,0,0,0,0,1
264,15.299385474180372,8.497194544909547,2,1,2,1,0,1,0,0,0,0,1
265,15.29779691185574,7.9658927350845286,3,1,2,1,0,0,0,0,0,1,1
266,15.29779691185574,8.493105395887147,3,1,1,1,0,0,0,0,2,1,0
267,15.29779691185574,8.501267040865978,3,1,2,1,0,0,0,0,1,0,1
268,15.293016027343821,8.507344855361422,4,1,2,1,0,0,0,1,0,0,1
269,15.291417306345254,8.268988209506656,3,1,2,1,0,0,0,0,0,0,0
270,15.283385136491308,8.412054873292933,3,2,3,1,0,0,1,0,1,0,2
271,15.283385136491308,7.552762084214147,5,1,2,0,0,1,0,0,0,0,1
272,15.283385136491308,8.312871394342615,3,1,1,1,1,1,0,0,2,0,1
273,15.283385136491308,8.160803920954665,4,1,2,1,0,0,0,0,2,0,2
274,15.283385136491308,8.771990436532242,4,1,2,1,0,0,0,0,0,0,1
275,15.278534683477888,8.302265794873367,2,1,1,1,0,1,0,0,0,0,2
276,15.275287928131979,8.38958706681109,2,1,1,1,0,0,0,0,1,0,1
277,15.275287928131979,9.245804036251752,2,1,1,1,0,0,0,0,1,1,1
278,15.268762621017762,8.131824785007195,3,1,2,1,0,1,0,0,2,1,1
279,15.267124619396817,8.757940876678804,2,1,1,1,0,0,0,0,0,0,2
280,15.267124619396817,8.757940876678804,2,1,2,1,0,0,0,0,0,0,0
281,15.267124619396817,8.412054873292933,2,1,1,1,0,0,0,1,2,0,2
282,15.267124619396817,7.685243607975833,3,1,2,0,1,1,0,1,0,0,0
283,15.267124619396817,8.380456667842767,4,1,2,1,0,0,0,0,0,0,2
284,15.267124619396817,8.958154135209242,2,1,1,1,0,0,0,0,1,0,2
285,15.258894122195773,8.802522498284421,3,1,2,1,1,0,0,0,0,0,1
286,15.258894122195773,7.933079771880415,3,1,1,1,0,1,0,0,0,1,2
287,15.250595321348806,8.612685172875459,3,1,2,1,0,0,0,1,0,0,0
288,15.250595321348806,8.525359754082631,3,1,2,1,0,1,0,1,0,0,0
289,15.250595321348806,8.674367865788236,2,1,1,1,1,1,0,0,2,0,1
290,15.250595321348806,7.8674885686991285,4,3,2,0,0,0,0,0,0,0,1
291,15.250595321348806,7.9909154630913255,3,1,2,1,0,1,0,1,0,0,0
292,15.250595321348806,7.91862865334224,4,2,2,0,0,0,0,0,0,0,1
293,15.250595321348806,8.39185670010494,2,1,1,0,0,0,0,0,1,0,0
294,15.250595321348806,8.294299608857235,4,2,2,0,0,0,0,0,0,0,1
295,15.250595321348806,7.75190533307861,3,1,2,0,0,0,0,0,0,0,1
296,15.250595321348806,8.434028950155469,3,2,2,1,0,0,0,1,1,0,1
297,15.250595321348806,8.200013648175434,3,2,2,1,0,1,0,0,0,0,0
298,15.250595321348806,8.665785595466064,3,1,1,1,0,0,1,0,2,0,1
299,15.250595321348806,8.853808274977197,3,1,1,1,0,0,0,0,3,0,2
300,15.250595321348806,8.313852267398207,3,1,3,1,0,0,0,0,0,0,1
301,15.250595321348806,8.166500319155052,3,1,2,1,0,0,0,0,0,1,1
302,15.250595321348806,7.671360923190644,3,1,3,1,0,0,0,0,1,1,0
303,15.250595321348806,8.412054873292933,3,1,1,1,0,1,0,0,0,0,2
304,15.248927264645598,9.018089684104343,3,1,1,1,0,1,0,0,3,0,1
305,15.248927264645598,8.146419323098003,3,1,2,1,0,0,0,0,1,0,1
306,15.24222707367909,8.484876589939695,3,1,2,1,0,0,0,0,1,0,1
307,15.24222707367909,8.314097335405807,3,1,2,1,0,0,0,0,2,0,1
308,15.24222707367909,8.305731144875866,3,1,2,1,0,1,0,0,1,0,1
309,15.233788207067937,8.440959885416648,4,1,2,1,0,0,0,1,0,0,1
310,15.233788207067937,8.697178688412643,3,1,1,1,0,1,0,0,0,0,1
311,15.232091854230847,8.709630081951286,2,1,1,1,0,1,0,0,1,0,1
312,15.226131855066896,8.188966863648876,3,1,1,1,0,1,0,1,0,1,2
313,15.225277519469522,8.210939733379021,3,2,2,1,0,0,0,0,0,0,1
314,15.225277519469522,8.304247465078474,2,1,2,1,0,0,0,0,1,0,1
315,15.225277519469522,8.630700432209832,2,1,1,1,0,0,0,1,0,0,1
316,15.216693777883304,8.682877107057168,4,2,2,0,0,1,0,0,1,0,0
317,15.216693777883304,8.51579221050061,3,2,2,1,0,0,0,0,2,0,0
318,15.216693777883304,8.375860015299594,3,1,1,1,0,0,0,0,0,0,1
319,15.216693777883304,8.006700845440367,4,1,3,1,0,1,0,1,2,0,1
320,15.216693777883304,8.371242135931933,3,1,2,1,0,0,0,0,2,1,2
321,15.208035717281975,8.197263371414335,3,2,2,1,0,0,1,0,2,0,1
322,15.208035717281975,8.149312843635345,3,2,1,1,0,1,0,1,1,0,2
323,15.208035717281975,8.594339400592892,3,1,1,1,0,0,0,0,3,0,1
324,15.203678412997942,8.412054873292933,3,1,2,0,0,1,0,1,0,0,1
325,15.203678412997942,8.149312843635345,4,1,2,1,0,0,0,1,0,0,1
326,15.199302039492581,8.31898612539206,4,1,1,0,0,1,0,0,0,0,0
327,15.199302039492581,8.776630098427717,3,1,2,0,0,0,0,1,1,0,1
328,15.199302039492581,8.412054873292933,3,2,2,0,0,1,0,1,0,0,1
329,15.199302039492581,8.284251797621916,3,1,2,1,0,0,0,0,0,0,2
330,15.199302039492581,8.30671904320269,2,1,2,1,1,1,0,0,0,1,0
331,15.181602466868654,8.890272839380247,3,2,1,1,1,1,0,0,3,0,2
332,15.181602466868654,8.612685172875459,4,1,2,1,1,1,0,0,0,0,1
333,15.181602466868654,8.006700845440367,3,1,2,1,0,0,0,0,0,0,1
334,15.181602466868654,8.098946748943339,2,1,1,1,0,0,1,0,1,0,2
335,15.181602466868654,8.247220052745229,2,1,1,1,0,1,0,1,2,0,2
336,15.181602466868654,8.997270906233448,3,1,1,1,0,0,0,1,2,0,1
337,15.181602466868654,7.671360923190644,4,2,1,1,0,1,0,0,0,1,0
338,15.172633799184108,8.237743803890933,2,1,2,1,1,1,0,0,0,0,1
339,15.172633799184108,8.064950891749143,4,2,2,1,0,0,0,0,0,0,2
340,15.163583966004193,8.575650760987806,5,2,2,1,0,0,0,0,0,0,1
341,15.163583966004193,8.064950891749143,2,2,1,1,0,1,0,0,2,0,1
342,15.163583966004193,8.875287128108384,3,1,2,1,0,0,0,1,0,0,2
343,15.163583966004193,8.314097335405807,2,1,1,1,0,0,0,0,0,0,1
344,15.163583966004193,8.25608813381491,2,1,1,1,0,0,0,0,0,0,1
345,15.163583966004193,7.60887062919126,3,1,2,1,0,1,0,0,0,1,1
346,15.163583966004193,7.685703061234547,2,1,2,1,1,0,0,0,0,1,1
347,15.15994097567365,8.11701408773731,3,1,2,1,0,0,0,0,0,0,0
348,15.154451484823857,8.055475141757274,2,2,1,0,0,1,0,0,0,0,1
349,15.145234832146,8.480736654405622,3,1,2,1,0,0,0,0,0,0,1
350,15.145234832146,8.137688184977605,2,1,2,1,0,0,1,0,1,0,1
351,15.145234832146,8.188966863648876,2,1,1,1,0,0,0,0,0,0,1
352,15.145234832146,8.670943791222156,2,1,1,1,0,0,0,0,2,0,0
353,15.145234832146,7.957527402230773,3,1,3,1,0,0,0,0,0,1,2
354,15.145234832146,9.036106025364846,2,1,1,1,0,0,0,0,1,0,2
355,15.143381263987493,9.018089684104343,3,1,1,1,0,0,0,0,2,0,2
356,15.143381263987493,7.83241092718792,5,2,1,0,0,1,0,1,1,0,2
357,15.143381263987493,8.843759381917984,4,1,2,0,0,0,0,0,1,0,2
358,15.135932441956118,8.15507488781144,2,1,1,1,0,0,0,0,0,1,1
359,15.126542704125361,8.188966863648876,3,1,1,1,0,0,0,0,1,0,0
360,15.126542704125361,8.304247465078474,2,1,1,1,0,0,0,0,0,0,1
361,15.126542704125361,8.703008637464448,3,1,1,1,0,0,0,0,0,0,1
362,15.126542704125361,8.30671904320269,2,1,1,1,0,0,0,0,0,0,2
363,15.126542704125361,8.184513753033722,2,1,1,1,0,0,1,0,0,0,1
364,15.124654129947023,8.045908742270779,3,1,2,0,0,1,1,0,0,0,1
365,15.124654129947023,8.603554357064281,2,1,1,1,0,0,0,0,0,0,2
366,15.11706396273788,8.197263371414335,2,1,1,1,0,1,0,0,0,0,2
367,15.11706396273788,8.197263371414335,2,1,1,1,0,0,0,1,0,0,0
368,15.11706396273788,8.637816633739977,2,1,1,0,0,0,0,0,0,0,1
369,15.11706396273788,8.188966863648876,2,1,1,1,0,0,0,0,0,0,2
370,15.10749451433816,8.361941906144946,2,1,1,1,0,0,0,1,2,0,1
371,15.10749451433816,8.18060094759445,3,1,2,1,0,1,0,0,0,0,1
372,15.10749451433816,8.064950891749143,3,1,2,0,0,1,0,0,0,0,1
373,15.10749451433816,8.006700845440367,2,1,2,1,0,0,0,1,0,0,2
374,15.10749451433816,8.166500319155052,2,2,1,1,0,1,0,0,0,0,1
375,15.10749451433816,8.692993531219926,3,1,2,1,1,1,0,0,0,0,0
376,15.10749451433816,8.326274787396764,3,2,2,1,0,0,0,0,2,0,1
377,15.10749451433816,7.955425088912672,3,2,2,0,0,1,0,0,0,1,0
378,15.10749451433816,7.730174795246222,3,1,3,1,0,0,1,1,0,1,1
379,15.105569586457912,8.166500319155052,3,1,1,1,0,0,0,0,2,1,0
380,15.09783260609366,8.412054873292933,2,1,1,1,0,0,0,0,0,0,1
381,15.09783260609366,8.294299608857235,2,1,1,1,0,0,0,0,0,1,1
382,15.088076433867828,8.055475141757274,3,1,2,1,0,1,0,0,0,0,2
383,15.088076433867828,8.412054873292933,4,2,2,1,0,1,0,0,2,0,2
384,15.088076433867828,8.412054873292933,2,1,1,0,0,0,0,0,0,0,2
385,15.088076433867828,8.200013648175434,2,1,1,1,0,0,0,0,0,0,0
386,15.078224140198202,8.25608813381491,3,1,1,1,0,0,0,0,2,0,0
387,15.068273812173887,8.352554369474591,3,1,2,1,0,0,0,1,0,0,1
388,15.068273812173887,8.202756381655638,3,1,2,1,0,0,0,0,0,0,0
389,15.068273812173887,8.434028950155469,4,1,2,1,0,0,0,0,0,0,1
390,15.068273812173887,7.666690200080086,3,2,2,0,0,0,0,0,0,0,0
391,15.068273812173887,8.01862546504575,3,1,2,1,0,1,0,0,0,0,1
392,15.068273812173887,8.291797105048733,3,1,2,1,0,0,0,0,0,0,1
393,15.068273812173887,8.9126079636709,3,1,1,0,0,0,0,0,0,0,0
394,15.068273812173887,8.15507488781144,3,1,1,0,0,0,0,1,0,0,0
395,15.068273812173887,8.188966863648876,6,1,2,1,0,0,0,0,1,0,0
396,15.068273812173887,8.200013648175434,2,1,1,1,0,0,0,0,1,0,1
397,15.068273812173887,8.682877107057168,2,1,1,1,0,0,0,0,1,0,2
398,15.068273812173887,8.045908742270779,3,1,2,1,0,0,0,0,1,0,0
399,15.068273812173887,8.902591637374087,2,1,1,1,0,0,0,0,1,0,1
400,15.068273812173887,8.164225652265827,2,1,1,1,0,0,0,0,1,1,0
401,15.068273812173887,9.15915233520675,3,1,2,1,0,0,0,0,3,1,0
402,15.068273812173887,8.679482094459956,2,1,1,1,0,0,0,0,0,0,0
403,15.068273812173887,9.468464892185638,3,1,1,1,0,0,0,0,0,0,0
404,15.066271810075788,8.497194544909547,3,1,2,0,0,0,0,0,0,0,0
405,15.058223479206388,8.026496938945412,3,1,1,1,0,0,0,0,0,0,0
406,15.058223479206388,8.579416534596369,2,1,1,1,0,0,0,0,1,1,0
407,15.058223479206388,7.671360923190644,3,1,3,1,0,0,0,0,0,1,2
408,15.04807111068727,8.294299608857235,2,1,1,1,0,0,0,0,0,0,0
409,15.04807111068727,8.066521490469993,2,1,1,1,0,0,0,0,2,0,0
410,15.04807111068727,8.25608813381491,3,1,1,1,0,0,0,0,0,0,0
411,15.04807111068727,7.671360923190644,3,1,3,1,0,0,0,0,0,1,2
412,15.04807111068727,7.8674885686991285,3,1,2,1,0,1,0,0,0,1,0
413,15.04807111068727,7.576097340623111,3,2,2,1,0,1,0,0,0,1,0
414,15.046028209653675,8.304247465078474,2,1,1,1,0,0,0,0,0,0,0
415,15.0378146135257,8.47345026846832,3,1,2,1,1,1,0,1,1,0,2
416,15.0378146135257,8.146419323098003,3,1,1,1,0,1,0,0,2,0,0
417,15.0378146135257,8.200013648175434,2,1,1,1,0,0,0,0,0,0,2
418,15.027451829558391,8.160803920954665,4,1,2,1,0,0,0,1,2,0,0
419,15.027451829558391,8.509362612301048,4,1,3,0,0,0,0,0,0,0,1
420,15.027451829558391,8.323851131338817,2,1,2,1,0,0,0,0,0,0,0
421,15.027451829558391,8.46611040118692,2,1,1,1,0,0,0,0,0,0,0
422,15.027451829558391,8.221747728346623,2,1,1,0,0,0,0,1,0,0,0
423,15.027451829558391,8.229777750081887,3,1,1,1,0,0,0,0,0,0,0
424,15.027451829558391,8.03947991910045,3,1,2,0,0,1,0,0,0,0,1
425,15.027451829558391,8.066521490469993,2,1,1,1,0,1,0,0,2,0,2
426,15.025366323688703,7.901377353792616,3,1,1,0,0,0,0,0,0,0,2
427,15.019083582388873,7.671360923190644,3,1,2,1,0,1,0,0,0,1,2
428,15.016980532823926,8.304247465078474,2,1,1,1,0,0,0,0,1,0,0
429,15.016980532823926,8.471358655072438,4,1,2,1,0,0,0,0,0,0,0
430,15.006398426692876,7.824445930877619,2,1,1,0,0,0,0,1,0,0,0
431,15.006398426692876,8.064950891749143,4,1,2,1,0,1,0,1,0,0,0
432,15.006398426692876,8.709630081951286,3,1,1,1,1,1,0,0,0,0,2
433,15.006398426692876,8.15507488781144,4,1,2,0,0,0,0,0,1,0,1
434,15.006398426692876,8.2409125416889,4,1,2,1,0,0,0,0,0,0,1
435,15.006398426692876,8.304247465078474,2,1,1,1,0,0,0,0,0,0,0
436,15.006398426692876,7.671360923190644,3,1,2,1,0,1,0,0,0,1,2
437,15.006398426692876,8.679482094459956,3,1,1,1,0,0,0,0,1,0,0
438,14.995703140844421,8.412054873292933,2,1,1,0,0,0,0,0,0,0,1
439,14.995703140844421,8.27664912542186,2,1,1,0,0,0,0,0,0,0,0
440,14.989230628333736,8.200013648175434,4,1,2,1,0,1,0,0,0,0,0
441,14.984892228079548,8.382747094863314,3,1,2,1,0,0,0,0,0,0,0
442,14.984892228079548,7.895436006942965,2,1,1,1,0,0,0,1,1,0,0
443,14.984892228079548,8.371242135931933,3,1,1,0,0,0,0,0,1,0,0
444,14.984892228079548,8.045908742270779,3,1,2,0,0,0,0,0,0,0,2
445,14.962913328262083,8.146419323098003,1,1,1,1,0,0,0,0,0,0,2
446,14.962913328262083,8.290794347381356,2,2,1,0,1,1,0,0,1,0,0
447,14.962913328262083,8.160803920954665,2,1,1,0,0,1,0,0,0,0,1
448,14.962913328262083,8.317766166719343,2,1,1,1,0,0,0,0,2,0,1
449,14.962913328262083,7.409136443920128,3,1,2,0,0,1,0,0,0,0,0
450,14.962913328262083,8.146419323098003,3,1,2,1,0,1,0,0,0,0,1
451,14.962913328262083,8.81744592104187,2,1,1,1,0,0,0,0,0,0,1
452,14.962913328262083,9.105090961257085,3,1,2,1,0,0,0,0,2,0,1
453,14.962913328262083,8.029432840581244,2,1,1,1,0,0,0,0,1,0,0
454,14.96068863394701,8.412054873292933,3,1,2,1,0,0,0,1,0,0,0
455,14.956224342241892,8.611775833902186,3,1,1,1,0,1,0,0,0,0,0
456,14.95297522272713,7.782807262839695,3,1,1,1,0,0,0,0,0,1,1
457,14.951740031230926,8.006700845440367,3,1,1,0,0,0,0,1,0,0,0
458,14.951740031230926,8.25608813381491,3,1,2,1,0,0,0,0,0,0,0
459,14.951740031230926,8.160803920954665,2,1,1,1,0,0,0,0,0,0,0
460,14.942710627423343,8.999742789830492,2,1,1,1,0,0,0,0,1,0,0
461,14.940440479625028,8.509362612301048,2,1,1,1,0,1,0,1,0,0,0
462,14.940440479625028,7.6783263565068856,3,1,2,0,0,1,0,0,0,0,1
463,14.940440479625028,8.036249942132116,2,1,1,1,1,1,0,0,0,0,0
464,14.940440479625028,8.412054873292933,2,1,2,1,0,0,1,0,1,0,1
465,14.929011787533305,8.24301946898925,2,1,1,1,0,0,0,0,0,0,0
466,14.917450968950916,8.036249942132116,3,1,2,0,0,0,0,0,0,0,1
467,14.917450968950916,8.083637203141548,3,1,2,1,0,0,0,0,2,0,1
468,14.917450968950916,7.950149887652018,2,1,1,1,0,0,0,0,0,0,1
469,14.917450968950916,8.434028950155469,2,1,1,1,0,0,0,0,0,0,2
470,14.917450968950916,8.532475814947395,3,1,1,0,0,0,0,0,0,0,0
471,14.917450968950916,8.229777750081887,3,1,2,1,0,0,0,0,0,0,0
472,14.917450968950916,8.197263371414335,4,1,2,1,0,0,0,0,3,0,1
473,14.915122679965744,8.993551586299981,2,1,1,1,0,0,0,0,0,0,0
474,14.905754933096265,8.378620541552298,4,1,2,0,0,0,0,0,1,0,0
475,14.901037944807413,8.006700845440367,2,1,2,1,0,0,0,0,0,0,1
476,14.89392047945086,8.674367865788236,3,1,2,1,0,1,0,0,1,0,0
477,14.89392047945086,8.509362612301048,2,1,1,1,0,0,0,0,0,0,0
478,14.89392047945086,8.188966863648876,3,1,2,0,0,0,0,0,1,0,0
479,14.89392047945086,8.205491613120236,4,1,2,0,0,0,0,0,0,0,0
480,14.89392047945086,8.15507488781144,3,1,2,0,0,0,0,0,1,0,1
481,14.89392047945086,7.901377353792616,2,1,1,0,0,0,0,0,0,0,2
482,14.89392047945086,8.055475141757274,3,1,2,0,0,0,0,0,0,0,0
483,14.89392047945086,8.797246236703527,3,1,2,1,0,0,0,0,0,0,1
484,14.869822936167798,8.019941687677365,2,1,1,0,0,0,0,0,0,0,0
485,14.869822936167798,8.197263371414335,2,1,1,1,0,0,0,0,0,0,0
486,14.869822936167798,8.699681400989514,2,1,1,1,0,0,0,0,0,0,1
487,14.869822936167798,8.594339400592892,4,1,2,1,0,0,0,0,0,0,0
488,14.863706711287982,8.556606193773073,4,1,3,1,0,0,0,0,0,0,0
489,14.857552847877614,8.101980731853192,3,1,2,0,0,0,0,0,1,0,1
490,14.857552847877614,8.37816098272068,3,1,2,0,0,0,1,0,1,0,0
491,14.857552847877614,7.878912912297133,2,1,1,0,0,0,0,0,1,0,2
492,14.845130332288226,7.8826922062890254,3,1,2,1,0,1,0,0,1,0,0
493,14.845130332288226,8.284251797621916,3,1,1,1,0,0,0,0,0,0,2
494,14.819812533461441,8.824824939175638,2,1,1,1,0,0,0,0,0,0,0
495,14.819812533461441,8.294299608857235,3,1,2,1,0,0,0,0,1,0,0
496,14.80690913338268,8.294299608857235,2,1,1,1,0,0,0,0,0,0,0
497,14.793837056697662,8.277666160851503,2,1,1,1,0,0,0,0,0,0,0
498,14.793837056697662,7.601402334583733,2,1,2,1,0,0,0,0,0,0,1
499,14.793837056697662,8.197263371414335,3,3,2,0,1,0,0,0,0,0,0
500,14.793837056697662,7.937731775260109,3,1,1,1,0,0,0,0,0,0,0
501,14.793837056697662,7.796057974316123,3,1,1,0,0,0,0,0,0,0,0
502,14.793837056697662,8.15507488781144,2,1,1,1,0,0,0,0,1,0,1
503,14.793837056697662,8.294299608857235,3,1,1,1,0,0,0,0,0,0,1
504,14.791202010051581,8.066521490469993,2,1,1,1,0,0,0,1,0,0,0
505,14.791202010051581,8.294299608857235,3,1,2,1,0,0,0,1,0,0,0
506,14.7725596663351,7.976251943745623,2,1,1,0,0,0,0,0,0,0,0
507,14.767168819776032,8.188966863648876,2,1,1,1,0,0,0,0,0,0,0
508,14.767168819776032,8.38958706681109,2,1,1,1,0,0,0,0,0,0,0
509,14.767168819776032,8.188966863648876,2,2,2,1,0,1,0,0,1,0,2
510,14.739769856312924,7.9658927350845286,3,1,1,0,0,0,0,0,0,0,0
511,14.739769856312924,8.064950891749143,3,1,1,0,0,0,0,0,0,0,0
512,14.739769856312924,8.006700845440367,2,1,2,1,0,0,0,0,0,0,2
513,14.725783619927272,8.38958706681109,3,1,2,1,0,0,0,0,0,0,0
514,14.725783619927272,8.006700845440367,3,1,2,0,0,0,0,0,0,0,1
515,14.711598990684092,8.074337694089515,3,1,2,1,0,1,0,0,0,0,0
516,14.711598990684092,8.083637203141548,2,1,1,0,1,0,0,0,1,0,0
517,14.711598990684092,8.006700845440367,2,1,1,1,0,0,0,0,1,0,0
518,14.711598990684092,8.160803920954665,2,1,1,1,1,0,0,0,0,0,0
519,14.711598990684092,8.484876589939695,2,1,2,1,0,0,0,0,0,0,0
520,14.711598990684092,8.94910546953925,2,1,1,1,0,0,0,0,0,0,0
521,14.694307500693155,8.19863945529737,2,1,1,0,0,0,0,0,0,0,0
522,14.682611465815636,7.814399633804487,3,1,2,1,0,0,0,0,0,0,2
523,14.682611465815636,7.933079771880415,4,2,2,1,0,0,0,0,0,0,2
524,14.682611465815636,8.09101504171053,2,1,1,1,0,0,0,0,0,0,0
525,14.667796386301658,8.200013648175434,2,1,1,1,0,0,0,0,0,0,0
526,14.652758515398315,8.064950891749143,2,1,1,1,0,0,0,0,0,0,0
527,14.637491049927531,7.515889085215125,2,1,1,0,0,1,0,0,0,0,1
528,14.637491049927531,8.286773231131251,1,1,1,0,0,0,0,0,0,0,0
529,14.637491049927531,8.286773231131251,3,1,2,1,0,1,0,0,0,0,0
530,14.621986870259695,7.576097340623111,3,1,1,0,0,0,1,0,0,0,0
531,14.618856978650228,8.575650760987806,3,1,1,0,0,0,0,1,0,1,0
532,14.573977673028827,8.006700845440367,2,1,1,0,0,0,0,0,0,0,0
533,14.557448378884015,7.783640596221253,3,1,2,1,0,0,0,0,0,0,0
534,14.557448378884015,8.006700845440367,4,1,2,1,0,0,0,0,0,0,0
535,14.557448378884015,8.119993827725105,2,1,1,1,0,0,0,0,1,0,0
536,14.488455541410652,8.137688184977605,5,1,2,0,0,0,0,0,0,0,0
537,14.452087916136215,7.438971592395862,3,1,2,1,0,0,0,0,0,0,0
538,14.452087916136215,8.202482446576537,2,1,1,1,0,0,0,0,0,0,0
539,14.433395793107085,8.003363058629947,2,1,1,0,0,0,0,0,1,0,0
540,14.414347608503377,8.006700845440367,2,1,1,1,0,1,0,0,2,0,0
541,14.384879203225134,7.783640596221253,3,1,1,0,0,0,0,0,0,0,1
542,14.375126917328105,8.19450550976564,2,1,1,1,0,0,0,0,0,0,0
543,14.375126917328105,7.976251943745623,3,1,1,0,0,0,0,0,0,0,2
544,14.375126917328105,8.25608813381491,3,1,2,1,0,0,0,0,0,0,0
